__v,_id,create_by,createdAt,del_flg,e_id,n_description,n_pin,n_title,update_by,updatedAt
0,646327314f3b8458feb7490e,6462deb5d51b944257e6d045,2023-05-16T06:48:17.925Z,false,, I am programmer and i develop for kids,true,My Self,6462def3d51b944257e6d04b,2023-05-16T06:48:17.925Z
0,64638f0a2b77f43110a11ae4,6462deb5d51b944257e6d045,2023-05-16T14:11:23.001Z,false,64638dc9917586a854be4709,Facilis distinctio incidunt odit modi sed ea atque iste. Veritatis nobis rem iusto quo ex perspiciatis. Repellendus dignissimos ducimus laudantium sit.,true,voluptatibus debitis eveniet,,2023-05-16T14:11:23.001Z
0,64638f0a2b77f43110a11ae5,6462deb5d51b944257e6d045,2023-05-16T14:11:23.002Z,false,64638dc9917586a854be4709,Illum consequuntur aspernatur in facere corrupti laudantium explicabo reiciendis. Sequi laboriosam sunt quam quis molestiae eos veniam adipisci. Consectetur cupiditate amet.,false,soluta delectus consectetur,,2023-05-16T14:11:23.002Z
0,64638f0a2b77f43110a11ae6,6462deb5d51b944257e6d045,2023-05-16T14:11:23.002Z,false,64638dc9917586a854be470a,Molestias voluptatem molestias. Occaecati nam architecto dolores illum. Ipsam pariatur repudiandae laudantium libero eos dolore magni reprehenderit.,false,dolore expedita aspernatur,,2023-05-16T14:11:23.002Z
0,64638f0a2b77f43110a11ae7,6462deb5d51b944257e6d045,2023-05-16T14:11:23.002Z,false,64638dc9917586a854be470a,Itaque tempore exercitationem. Quo iure odio dolores quis repudiandae reprehenderit. At sed corporis non est dignissimos animi magnam.,false,sed aspernatur eos,,2023-05-16T14:11:23.002Z
0,64638f0a2b77f43110a11ae8,6462deb5d51b944257e6d045,2023-05-16T14:11:23.002Z,false,64638dc9917586a854be470a,Nam dicta quibusdam ad doloribus porro quos. Tenetur et repudiandae minus earum necessitatibus ullam atque dicta. Neque voluptates blanditiis minima voluptas nobis nam.,true,iste possimus quibusdam,,2023-05-16T14:11:23.002Z
0,64638f0a2b77f43110a11ae9,6462deb5d51b944257e6d045,2023-05-16T14:11:23.002Z,false,64638dc9917586a854be470a,Exercitationem iusto amet esse repudiandae sapiente perferendis eligendi quasi. Vel odio sed temporibus porro assumenda. Ratione libero nemo dolor aperiam ipsa cumque reiciendis nostrum ducimus.,false,ducimus facere repellat,,2023-05-16T14:11:23.002Z
0,64638f0b2b77f43110a11aea,6462deb5d51b944257e6d045,2023-05-16T14:11:23.002Z,false,64638dc9917586a854be470a,Soluta dolore debitis voluptates exercitationem. Facilis maxime dolore officia. Excepturi similique eius.,false,suscipit error alias,,2023-05-16T14:11:23.002Z
0,64638f0b2b77f43110a11aeb,6462deb5d51b944257e6d045,2023-05-16T14:11:23.002Z,false,64638dc9917586a854be470c,Reiciendis eum nesciunt tempora dolore dicta rem. Molestias sequi omnis veritatis dignissimos. Quia eveniet beatae exercitationem aliquam impedit pariatur suscipit ullam est.,true,temporibus voluptate molestiae,,2023-05-16T14:11:23.002Z
0,64638f0b2b77f43110a11aec,6462deb5d51b944257e6d045,2023-05-16T14:11:23.002Z,false,64638dc9917586a854be470a,Eveniet illum cum amet amet voluptas cum. Tenetur vitae similique veniam unde facilis esse excepturi quis odio. Sunt consequatur hic omnis in itaque id cumque.,true,voluptatem et natus,,2023-05-16T14:11:23.002Z
0,64638f0b2b77f43110a11aed,6462deb5d51b944257e6d045,2023-05-16T14:11:23.002Z,false,64638dc9917586a854be4707,Nulla temporibus ea dolores molestiae. Dicta error rem praesentium tenetur. Molestiae est suscipit consequuntur ipsum nesciunt alias distinctio magni debitis.,false,ullam iusto asperiores,,2023-05-16T14:11:23.002Z