__v,_id,c_id,create_by,createdAt,del_flg,e_id,l_date,l_description,l_reject_comment,l_request_status,update_by,updatedAt
0,64634190854886f5f71a83ec,6463389dce8fe9a0cf843a04,6462deb5d51b944257e6d045,2023-05-16T08:40:48.125Z,false,6462fef46bdcdf124e7119a8,2023-05-16T08:40:48.116Z,Sorry for leave,,0,6462def3d51b944257e6d04b,2023-05-16T08:40:48.125Z
0,6463909e705cf369a2755a96,646389887b670c9cc21f83bd,6462deb5d51b944257e6d045,2023-05-16T14:18:06.522Z,false,64638822f603a671651312ca,2024-03-17T12:26:21.779Z,Vitae modi eveniet voluptate. Quibusdam necessitatibus provident asperiores incidunt odio tenetur iure expedita aperiam. At quidem unde quo sequi voluptatibus.,Iste eaque dicta aliquid beatae neque ducimus alias tenetur fuga.,2,,2023-05-16T14:18:06.522Z
0,6463909e705cf369a2755a97,646389887b670c9cc21f83bf,6462deb5d51b944257e6d045,2023-05-16T14:18:06.522Z,false,64638822f603a671651312cb,2023-11-14T23:09:06.344Z,Officia laboriosam reiciendis cumque dolores dolore optio. Culpa nobis maiores unde sequi saepe in. Recusandae odio unde exercitationem.,Occaecati numquam non rerum voluptatum totam officia.,3,,2023-05-16T14:18:06.522Z
0,6463909e705cf369a2755a98,646389887b670c9cc21f83bf,6462deb5d51b944257e6d045,2023-05-16T14:18:06.522Z,false,64638822f603a671651312cb,2024-05-02T00:56:57.124Z,Veniam aspernatur velit quos perspiciatis ab officia necessitatibus nobis quisquam. Suscipit nemo architecto a officiis qui consequuntur. Accusantium occaecati culpa aspernatur itaque.,Laudantium in sunt omnis asperiores commodi officiis officia.,2,,2023-05-16T14:18:06.522Z
0,6463909e705cf369a2755a99,646389887b670c9cc21f83be,6462deb5d51b944257e6d045,2023-05-16T14:18:06.522Z,false,64638822f603a671651312cb,2023-06-26T05:02:45.744Z,Ad laborum exercitationem. Iure praesentium officia odit nemo natus. Fugit in officiis sapiente pariatur similique deserunt beatae fugit sunt.,Quae excepturi quis est id accusantium reprehenderit occaecati.,2,,2023-05-16T14:18:06.522Z
0,6463909e705cf369a2755a9a,6463389dce8fe9a0cf843a04,6462deb5d51b944257e6d045,2023-05-16T14:18:06.523Z,false,64638822f603a671651312c8,2024-04-06T20:07:03.045Z,Occaecati a pariatur in. Qui impedit adipisci in. Magni nesciunt quae eos vitae.,Quas suscipit maiores laborum sapiente.,1,,2023-05-16T14:18:06.523Z
0,6463909e705cf369a2755a9b,646389887b670c9cc21f83be,6462deb5d51b944257e6d045,2023-05-16T14:18:06.523Z,false,64638822f603a671651312c9,2023-11-18T12:49:07.340Z,Dicta doloribus blanditiis quo illum quibusdam voluptatem quibusdam. Harum natus rem omnis necessitatibus reprehenderit. Quae id ipsam excepturi aliquam quaerat rem vitae sunt.,Quisquam distinctio dolorum tenetur eaque.,2,,2023-05-16T14:18:06.523Z
0,6463909e705cf369a2755a9c,646389887b670c9cc21f83bf,6462deb5d51b944257e6d045,2023-05-16T14:18:06.523Z,false,64638822f603a671651312ca,2024-04-14T05:08:48.292Z,Deleniti voluptatem cum harum a. Alias repellat saepe quae eius placeat dolorem eius. Cupiditate nam commodi ea.,Facere unde velit debitis animi.,1,,2023-05-16T14:18:06.523Z
0,6463909e705cf369a2755a9d,646389887b670c9cc21f83be,6462deb5d51b944257e6d045,2023-05-16T14:18:06.523Z,false,64638822f603a671651312c9,2023-11-04T23:58:21.592Z,Neque ea ex magni aspernatur facilis. Autem voluptatum non suscipit quaerat. Cum voluptas blanditiis alias.,Amet excepturi sapiente corporis dolore distinctio blanditiis reiciendis optio.,1,,2023-05-16T14:18:06.523Z
0,6463909e705cf369a2755a9e,646389887b670c9cc21f83bd,6462deb5d51b944257e6d045,2023-05-16T14:18:06.523Z,false,64638822f603a671651312c9,2024-02-06T04:22:28.140Z,Iure soluta mollitia quidem. Quae adipisci molestias laboriosam maxime iste. Magni expedita quos ex sunt numquam saepe omnis.,Dolor blanditiis dolores et qui animi.,3,,2023-05-16T14:18:06.523Z
0,6463909e705cf369a2755a9f,646389887b670c9cc21f83bd,6462deb5d51b944257e6d045,2023-05-16T14:18:06.523Z,false,64638822f603a671651312c8,2024-04-22T08:55:17.800Z,Ipsam voluptatibus iure dignissimos blanditiis reprehenderit veniam. Enim illo fuga. Eos dolorum consequatur inventore fugit modi minima.,Incidunt doloribus deserunt quia blanditiis ut tempore.,3,,2023-05-16T14:18:06.523Z