__v,_id,create_by,createdAt,d_id,del_flg,e_id,m_category,m_description,m_photo_path_1,m_photo_path_2,m_photo_path_3,m_title,update_by,updatedAt
0,646344f92e7e2f78df0c2dc9,6462deb5d51b944257e6d045,2023-05-16T08:55:21.786Z,"[{""$oid"":""64630f7fdc0768819d480460""},{""$oid"":""64630f7fdc0768819d480460""},{""$oid"":""64630f7fdc0768819d480460""}]",false,"[{""$oid"":""6462fef46bdcdf124e7119a8""},{""$oid"":""6462fef46bdcdf124e7119a8""},{""$oid"":""6462fef46bdcdf124e7119a8""}]",6463439499b61f0bb16bb530,Hello Description,null,null,null, Hello Employee,6462def3d51b944257e6d04b,2023-05-16T08:55:21.786Z
0,6463909e705cf369a2755aad,6462deb5d51b944257e6d045,2023-05-16T14:18:06.538Z,"[{""$oid"":""64638822f603a671651312da""}]",false,[],64638ad0dd1f36272ebd511c,Iure accusamus qui praesentium iure et culpa earum architecto. Sequi quae eum voluptatibus fugiat eveniet unde consequatur error. Possimus esse quisquam voluptates voluptates tempore odit alias.,/Applications/gee_marmalade.buffer,/usr/src/after_bleakly_outlaw.text,/dev/considering_hm_wonderfully.dot,mollitia magni illum,,2023-05-16T14:18:06.538Z
0,6463909e705cf369a2755aae,6462deb5d51b944257e6d045,2023-05-16T14:18:06.539Z,"[{""$oid"":""64638822f603a671651312d8""},{""$oid"":""64638822f603a671651312d6""},{""$oid"":""64638822f603a671651312d7""},{""$oid"":""64638822f603a671651312da""}]",false,[],64638ad0dd1f36272ebd511c,Repudiandae cupiditate quod provident veritatis. Aspernatur molestias eius natus repudiandae reprehenderit molestiae quaerat minima. Similique asperiores iusto debitis quidem nobis nostrum a voluptatum.,/Users/whenever_whether_blissfully.img,/usr/X11R6/mature.svgz,/etc/namedb/rotten.bpk,aliquam quasi labore,,2023-05-16T14:18:06.539Z
0,6463909e705cf369a2755aaf,6462deb5d51b944257e6d045,2023-05-16T14:18:06.539Z,"[{""$oid"":""64638822f603a671651312da""}]",false,[],64638ad0dd1f36272ebd511d,Alias hic inventore dolorum. Veniam soluta deserunt illo quasi perferendis saepe. Atque occaecati sequi.,/usr/sbin/bah_within_pillow.dms,/var/log/offensively_bah.xlsx,/etc/whether.war,consectetur alias cum,,2023-05-16T14:18:06.539Z
0,6463909e705cf369a2755ab0,6462deb5d51b944257e6d045,2023-05-16T14:18:06.539Z,"[{""$oid"":""64638822f603a671651312d7""}]",false,[],64638ad0dd1f36272ebd511e,Amet molestias placeat corporis aut. Harum eaque molestias iste explicabo. In temporibus placeat neque.,/proc/alongside.xul,/usr/lib/including_curly_ick.rng,/var/spool/crazy.deploy,maiores veritatis voluptatibus,,2023-05-16T14:18:06.539Z
0,6463909e705cf369a2755ab1,6462deb5d51b944257e6d045,2023-05-16T14:18:06.539Z,"[{""$oid"":""64638822f603a671651312d8""},{""$oid"":""64638822f603a671651312da""}]",false,[],64638ad0dd1f36272ebd511d,Repellat optio mollitia fugit nostrum provident ratione dolore officia. Iure a repudiandae delectus magni nobis aliquid tenetur eum laboriosam. Quibusdam hic delectus.,/tmp/before_kennel_passivise.log,/home/user/especially_phooey.dump,/private/var/um.ppt,esse perspiciatis corrupti,,2023-05-16T14:18:06.539Z
0,6463909e705cf369a2755ab2,6462deb5d51b944257e6d045,2023-05-16T14:18:06.539Z,"[{""$oid"":""64638822f603a671651312d8""},{""$oid"":""64638822f603a671651312da""},{""$oid"":""64638822f603a671651312d7""},{""$oid"":""64638822f603a671651312d6""}]",false,[],64638ad0dd1f36272ebd511d,Reprehenderit est sint exercitationem quod dignissimos libero cum ipsa. Et cumque ad. Laudantium molestias voluptatibus.,/lost+found/execute_ferry_starve.jpe,/var/mail/thankful.bz,/private/tmp/through_parliament.mp4v,consectetur quae similique,,2023-05-16T14:18:06.539Z
0,6463909e705cf369a2755ab3,6462deb5d51b944257e6d045,2023-05-16T14:18:06.539Z,"[{""$oid"":""64638822f603a671651312da""},{""$oid"":""64638822f603a671651312d8""},{""$oid"":""64638822f603a671651312d7""}]",false,[],64638ad0dd1f36272ebd511e,Possimus vel nihil ducimus libero distinctio animi suscipit minima. Sapiente quis aperiam. Sunt dolore vel tempore natus quam deleniti perspiciatis.,/Applications/towards.xsl,/usr/include/burglar_yuck.css,/Applications/loudly_hungrily_so.opus,praesentium alias perferendis,,2023-05-16T14:18:06.539Z
0,6463909e705cf369a2755ab4,6462deb5d51b944257e6d045,2023-05-16T14:18:06.539Z,"[{""$oid"":""64638822f603a671651312d8""},{""$oid"":""64638822f603a671651312d6""},{""$oid"":""64638822f603a671651312d7""}]",false,[],64638ad0dd1f36272ebd511d,Voluptate necessitatibus quisquam nesciunt omnis soluta quis ipsam corrupti. Sunt necessitatibus consectetur dolor facilis molestiae aperiam. Odit magnam asperiores.,/private/var/lest_gleefully.mp2,/usr/obj/kooky_leading_so.midi,/usr/ports/venture.woff2,minima in asperiores,,2023-05-16T14:18:06.539Z
0,6463909e705cf369a2755ab5,6462deb5d51b944257e6d045,2023-05-16T14:18:06.539Z,"[{""$oid"":""64638822f603a671651312d8""},{""$oid"":""64638822f603a671651312d6""},{""$oid"":""64638822f603a671651312d7""}]",false,[],64638ad0dd1f36272ebd511e,Consequatur repudiandae repellat voluptatem. Beatae voluptatem error voluptates quos voluptatibus. Eligendi aspernatur corrupti.,/boot/defaults/twin_lucky_whether.ear,/lib/sans.so,/boot/defaults/who.woff2,labore ipsum quae,,2023-05-16T14:18:06.539Z
0,6463909e705cf369a2755ab6,6462deb5d51b944257e6d045,2023-05-16T14:18:06.539Z,"[{""$oid"":""64638822f603a671651312d6""},{""$oid"":""64638822f603a671651312d8""},{""$oid"":""64638822f603a671651312d7""},{""$oid"":""64638822f603a671651312da""}]",false,[],64638ad0dd1f36272ebd511c,Distinctio praesentium porro velit blanditiis in. Quaerat velit et asperiores esse itaque. Distinctio accusamus similique odit.,/home/user/unsung.mp2,/etc/namedb/bunch.arc,/var/log/geez_singe_whoever.vsd,dolores explicabo molestias,,2023-05-16T14:18:06.539Z