__v,_id,create_by,createdAt,del_flg,n_description,n_photo_path_1,n_photo_path_2,n_photo_path_3,n_photo_path_4,n_photo_path_5,n_photo_path_6,n_tag,n_title,update_by,updatedAt
0,6463429247aac1ab5f67b8d7,6462deb5d51b944257e6d045,2023-05-16T08:45:06.834Z,false,Hello Weather Hahahahaha,null,null,null,null,null,null,"[""Weather"",""Health"",""Important""]",Weather New,6462def3d51b944257e6d04b,2023-05-16T08:45:06.834Z
0,64638ad0dd1f36272ebd5110,6462deb5d51b944257e6d045,2023-05-16T13:53:20.475Z,false,Reiciendis praesentium earum maiores ab sequi accusamus error saepe eligendi. Nesciunt occaecati explicabo ut iusto consectetur sapiente molestias. Laborum est tenetur assumenda amet quisquam quas libero.,/var/chronicle_pesky.elc,/var/spool/when_physical.avi,/etc/defaults/opposition_boo.buffer,/media/without.mpg,/usr/sbin/gosh_lanky_throughout.xlt,/rescue/upright_loudly_and.mp4v,"[""health,test,Gossip""]",quo labore saepe,,2023-05-16T13:53:20.475Z
0,64638ad0dd1f36272ebd5111,6462deb5d51b944257e6d045,2023-05-16T13:53:20.475Z,false,Dicta recusandae illo adipisci nobis dolore aut porro animi asperiores. Perferendis molestias modi veniam aut voluptates architecto cupiditate reprehenderit. Quae soluta alias rem.,/usr/bin/boo_dazzling.mp4v,/net/facilitate.mpga,/home/fill_course_deceivingly.def,/usr/libexec/viciously.avi,/usr/obj/steep.epub,/opt/share/boo.eot,"[""health,test,Gossip""]",eius ipsa laudantium,,2023-05-16T13:53:20.475Z
0,64638ad0dd1f36272ebd5112,6462deb5d51b944257e6d045,2023-05-16T13:53:20.475Z,false,Enim rerum et amet repellat quibusdam numquam. Reprehenderit inventore autem beatae voluptate consequuntur culpa cumque sapiente. Quo ex fuga quas porro nostrum quos atque.,/srv/gadzooks_silently_ravage.ods,/boot/defaults/bustle_underneath_dry.so,/opt/bin/duh_plastic_agriculture.xlsx,/usr/sbin/questionably.tif,/usr/lib/embellishment_queasily.ogx,/net/off.png,"[""health,test,Gossip""]",nisi quidem neque,,2023-05-16T13:53:20.475Z
0,64638ad0dd1f36272ebd5113,6462deb5d51b944257e6d045,2023-05-16T13:53:20.476Z,false,Omnis libero excepturi corrupti. Harum tempora nisi quae. Quod quis sapiente saepe nostrum.,/net/wherever_incidentally.bz,/var/knavishly_baulk_deposit.wav,/opt/lib/aboard.weba,/usr/X11R6/when_until.php,/etc/blurt_trivial.iso,/usr/obj/ugh.pkg,"[""health,test,Gossip""]",laboriosam illo libero,,2023-05-16T13:53:20.476Z
0,64638ad0dd1f36272ebd5114,6462deb5d51b944257e6d045,2023-05-16T13:53:20.476Z,false,Rem dolore distinctio. Deleniti nemo perspiciatis voluptatem qui. Doloremque cumque molestias minus excepturi nemo a sint perferendis amet.,/etc/namedb/purpose.avif,/var/spool/broom.png,/var/mail/the_baggy.xlt,/Users/who_ew.msi,/var/tmp/bah_explain.vss,/srv/pfft_silly.xla,"[""health,test,Gossip""]",sequi debitis perspiciatis,,2023-05-16T13:53:20.476Z
0,64638ad0dd1f36272ebd5115,6462deb5d51b944257e6d045,2023-05-16T13:53:20.476Z,false,Error provident quisquam ipsa tempore quidem deserunt cumque. Fugit quia nulla. Dicta consequatur provident eligendi.,/usr/local/src/earnest_aw_highly.xsl,/usr/appropriate.3g2,/usr/libexec/false.htm,/Users/so_growl_but.xsd,/mnt/woot.aac,/home/user/dir/less_verbally.png,"[""health,test,Gossip""]",nobis adipisci consectetur,,2023-05-16T13:53:20.476Z
0,64638ad0dd1f36272ebd5116,6462deb5d51b944257e6d045,2023-05-16T13:53:20.476Z,false,Eos ducimus ratione maxime minima dignissimos necessitatibus laboriosam error eligendi. Quidem assumenda quis repellat minima corporis. Cum laudantium omnis.,/var/log/yodel_rudely.iso,/opt/tightly.odt,/bin/furthermore_pointed_boot.pptx,/usr/lib/camp_righteously.pot,/sys/amid.pps,/usr/libdata/chard_helpfully.woff,"[""health,test,Gossip""]",ab similique voluptatem,,2023-05-16T13:53:20.476Z
0,64638ad0dd1f36272ebd5117,6462deb5d51b944257e6d045,2023-05-16T13:53:20.476Z,false,Occaecati voluptatibus error placeat at. Fugiat possimus culpa aspernatur totam sunt consectetur optio fugit. Ut laudantium beatae sit distinctio ullam sint.,/root/lest_till_serve.7z,/opt/include/induct_whether_longingly.abw,/var/yp/once_how_where.ogx,/Applications/longboat_without_vapid.oga,/etc/gah.rar,/sys/eek_pot.mp3,"[""health,test,Gossip""]",temporibus mollitia praesentium,,2023-05-16T13:53:20.476Z
0,64638ad0dd1f36272ebd5118,6462deb5d51b944257e6d045,2023-05-16T13:53:20.476Z,false,Incidunt laboriosam ratione cumque quasi minima rem earum natus eaque. Temporibus libero odit totam totam. Sapiente ratione mollitia.,/usr/bin/inside_redeploy.map,/lib/ruin.odt,/opt/sbin/forenenst_ack.xlm,/var/log/before_manhandle_rarely.xlc,/usr/who_onto_wonderfully.png,/usr/sbin/hm_repress.xlsx,"[""health,test,Gossip""]",similique occaecati voluptas,,2023-05-16T13:53:20.476Z
0,64638ad0dd1f36272ebd5119,6462deb5d51b944257e6d045,2023-05-16T13:53:20.476Z,false,Voluptatum perspiciatis ipsa eligendi exercitationem. Dolores odio ducimus maxime doloribus quas ipsa delectus sed eum. Sunt perferendis nesciunt eum dicta porro error.,/boot/defaults/knavishly_that_times.midi,/usr/local/bin/patron.xlsx,/usr/local/bin/mmm_with_yet.so,/Network/even_given_now.mar,/etc/defaults/biodegrade_searchingly_hmph.elc,/selinux/puzzled_brightly.mpg4,"[""health,test,Gossip""]",tenetur at nemo,,2023-05-16T13:53:20.476Z