__v,_id,create_by,createdAt,del_flg,r_attach_path,r_attach_type,r_cc,r_meessage,r_receiver,r_schedule,r_sender,r_subject,update_by,updatedAt
0,64631d4688e3f7ad2a10d5b9,6462deb5d51b944257e6d045,2023-05-16T06:05:58.062Z,false,/asdfa/asfsaf/asfsaf,1,"[{""$oid"":""64630f7fdc0768819d480460""},{""$oid"":""64630f7fdc0768819d480460""},{""$oid"":""64630f7fdc0768819d480460""}]",Just a normal report for last week,"[{""$oid"":""64630f7fdc0768819d480460""},{""$oid"":""64630f7fdc0768819d480460""},{""$oid"":""64630f7fdc0768819d480460""}]",null,6462def3d51b944257e6d04b,Weekly Report,6462def3d51b944257e6d04b,2023-05-16T06:05:58.062Z
0,6463894d0cd998c4ec4c15be,6462deb5d51b944257e6d045,2023-05-16T13:46:53.298Z,false,/usr/local/bin/quickly_bah_dramatic.bin,1,[],Laudantium culpa voluptatem beatae nisi dolorum suscipit ipsum nobis eum.,[],null,6462deb5d51b944257e6d045,aliquid dolor,,2023-05-16T13:46:53.298Z
0,6463894d0cd998c4ec4c15bf,6462deb5d51b944257e6d045,2023-05-16T13:46:53.298Z,false,/var/upon.jpg,1,[],Consectetur facere maiores tempore asperiores libero asperiores nemo quidem quae.,[],null,6462deb5d51b944257e6d045,non non,,2023-05-16T13:46:53.298Z
0,6463894d0cd998c4ec4c15c0,6462deb5d51b944257e6d045,2023-05-16T13:46:53.298Z,false,/dev/svelte_hurtful.kar,0,[],Accusantium aliquid minus voluptatibus eos culpa sed hic ducimus repellendus.,[],null,6462deb5d51b944257e6d045,consequatur atque,,2023-05-16T13:46:53.298Z
0,6463894d0cd998c4ec4c15c1,6462deb5d51b944257e6d045,2023-05-16T13:46:53.298Z,false,/var/yp/likewise_phew.xlsx,0,[],Iste dignissimos ea praesentium nemo vero accusamus eligendi corporis beatae.,[],null,6462deb5d51b944257e6d045,facilis repellendus,,2023-05-16T13:46:53.298Z
0,6463894d0cd998c4ec4c15c2,6462deb5d51b944257e6d045,2023-05-16T13:46:53.298Z,false,/home/user/likewise.rmi,1,[],Atque est nostrum quibusdam accusamus tempora quibusdam ea debitis error.,[],null,6462deb5d51b944257e6d045,repellat maxime,,2023-05-16T13:46:53.298Z
0,6463894d0cd998c4ec4c15c3,6462deb5d51b944257e6d045,2023-05-16T13:46:53.298Z,false,/etc/defaults/um_order_although.ogv,1,[],Odio possimus alias aut amet itaque saepe minus vel qui.,[],null,6462deb5d51b944257e6d045,voluptatem nihil,,2023-05-16T13:46:53.298Z
0,6463894d0cd998c4ec4c15c4,6462deb5d51b944257e6d045,2023-05-16T13:46:53.298Z,false,/boot/credential_within_simulate.list,0,[],Corrupti officia numquam consequuntur voluptate eos temporibus iusto reiciendis aperiam.,[],null,6462deb5d51b944257e6d045,saepe commodi,,2023-05-16T13:46:53.298Z
0,6463894d0cd998c4ec4c15c5,6462deb5d51b944257e6d045,2023-05-16T13:46:53.299Z,false,/usr/X11R6/yum.jpe,1,[],Unde unde doloribus id excepturi consequatur commodi dicta magnam et.,[],null,6462deb5d51b944257e6d045,reprehenderit delectus,,2023-05-16T13:46:53.299Z
0,6463894d0cd998c4ec4c15c6,6462deb5d51b944257e6d045,2023-05-16T13:46:53.299Z,false,/usr/obj/fooey_zowie.msm,1,[],Nam adipisci velit veniam doloremque sit nobis quasi modi nobis.,[],null,6462deb5d51b944257e6d045,quae consequuntur,,2023-05-16T13:46:53.299Z
0,6463894d0cd998c4ec4c15c7,6462deb5d51b944257e6d045,2023-05-16T13:46:53.299Z,false,/etc/ppp/purify_how.mp4,1,[],Accusantium iure nemo doloribus tempore quas tempore ad quidem deleniti.,[],null,6462deb5d51b944257e6d045,vitae magnam,,2023-05-16T13:46:53.299Z
0,64638f0a2b77f43110a11ad8,6462deb5d51b944257e6d045,2023-05-16T14:11:22.993Z,false,/proc/packetise_minimalism.bin,0,"[{""$oid"":""64638df6902fde8078e17774""}]",Dolor accusamus cum quis necessitatibus nemo temporibus natus rem quod.,"[{""$oid"":""64638df6902fde8078e17773""}]",null,6462deb5d51b944257e6d045,nobis ipsam,,2023-05-16T14:11:22.993Z
0,64638f0a2b77f43110a11ad9,6462deb5d51b944257e6d045,2023-05-16T14:11:22.993Z,false,/opt/include/fooey_biodegradable_extol.htm,1,"[{""$oid"":""64638df6902fde8078e17773""}]",Nemo voluptatem harum odit soluta ratione in cumque repellat commodi.,"[{""$oid"":""64638df6902fde8078e17773""}]",null,6462deb5d51b944257e6d045,libero corporis,,2023-05-16T14:11:22.993Z
0,64638f0a2b77f43110a11ada,6462deb5d51b944257e6d045,2023-05-16T14:11:22.993Z,false,/bin/snarling_elegantly_mostly.tif,0,"[{""$oid"":""64638df6902fde8078e17773""}]",Ab necessitatibus quisquam reprehenderit corporis possimus amet excepturi cum quae.,"[{""$oid"":""64638df6902fde8078e17772""}]",null,6462deb5d51b944257e6d045,quo autem,,2023-05-16T14:11:22.993Z
0,64638f0a2b77f43110a11adb,6462deb5d51b944257e6d045,2023-05-16T14:11:22.993Z,false,/usr/local/src/core_passivise.mp4,1,"[{""$oid"":""64638df6902fde8078e17772""}]",Dignissimos ipsum suscipit quos consequuntur illo beatae excepturi pariatur rem.,"[{""$oid"":""64638df6902fde8078e17772""}]",null,6462deb5d51b944257e6d045,earum minima,,2023-05-16T14:11:22.993Z
0,64638f0a2b77f43110a11adc,6462deb5d51b944257e6d045,2023-05-16T14:11:22.993Z,false,/usr/bin/bitterly.ini,0,"[{""$oid"":""64638df6902fde8078e17774""}]",Quidem est laborum doloremque alias nisi dolor placeat necessitatibus quibusdam.,"[{""$oid"":""64638df6902fde8078e17771""}]",null,6462deb5d51b944257e6d045,quibusdam earum,,2023-05-16T14:11:22.993Z
0,64638f0a2b77f43110a11add,6462deb5d51b944257e6d045,2023-05-16T14:11:22.993Z,false,/dev/drivel_honestly.woff,0,"[{""$oid"":""64638df6902fde8078e17772""}]",Quidem error qui minima eligendi quibusdam officia incidunt laudantium molestiae.,"[{""$oid"":""64638df6902fde8078e17772""}]",null,6462deb5d51b944257e6d045,porro assumenda,,2023-05-16T14:11:22.993Z
0,64638f0a2b77f43110a11ade,6462deb5d51b944257e6d045,2023-05-16T14:11:22.994Z,false,/root/anti_rug_unlike.bz,0,"[{""$oid"":""64638df6902fde8078e17771""}]",Fugit debitis quas sed maxime nesciunt veritatis culpa suscipit earum.,"[{""$oid"":""64638df6902fde8078e17772""}]",null,6462deb5d51b944257e6d045,culpa iure,,2023-05-16T14:11:22.994Z
0,64638f0a2b77f43110a11adf,6462deb5d51b944257e6d045,2023-05-16T14:11:22.994Z,false,/usr/src/reproachfully_geez_mmm.mjs,0,"[{""$oid"":""64638df6902fde8078e17772""}]",Et debitis et laborum accusantium eius fugit hic recusandae dignissimos.,"[{""$oid"":""64638df6902fde8078e17773""}]",null,6462deb5d51b944257e6d045,nemo quae,,2023-05-16T14:11:22.994Z
0,64638f0a2b77f43110a11ae0,6462deb5d51b944257e6d045,2023-05-16T14:11:22.994Z,false,/bin/following_aha_whoever.xla,0,"[{""$oid"":""64638df6902fde8078e17771""}]",Fuga animi repellat dolore voluptate ab voluptatibus molestias occaecati nostrum.,"[{""$oid"":""64638df6902fde8078e17773""}]",null,6462deb5d51b944257e6d045,excepturi maxime,,2023-05-16T14:11:22.994Z
0,64638f0a2b77f43110a11ae1,6462deb5d51b944257e6d045,2023-05-16T14:11:22.994Z,false,/media/until.mp3,1,"[{""$oid"":""64638df6902fde8078e17771""}]",Debitis voluptatum eos dolores corrupti maxime dolore impedit molestiae dignissimos.,"[{""$oid"":""64638df6902fde8078e17771""}]",null,6462deb5d51b944257e6d045,molestiae placeat,,2023-05-16T14:11:22.994Z